"Date","VOC, ppm","AQS","Temperature, °C","Humidity, %","Pressure, mbar","PM1, ug/m3","PM2.5, ug/m3","PM10, ug/m3","Latitude","Longitude"
"2025-04-10 10:12:00","0.03","95","20.7","36.0","1011.10","2.7","4.6","5.9","36.4204961","-6.159256"
"2025-04-10 10:11:00","0.028","96","21","36.0","1011.12","","","","36.4206725","-6.159295"
"2025-04-03 12:29:00","0.332","80","21.3","47.0","1010.70","1.4","3.5","5.1","36.4205039","-6.1592495"
"2025-04-03 12:28:00","0.368","77","21.4","48.0","1010.60","1.0","3.0","5.0","36.420473","-6.1593696"
"2025-04-03 12:27:00","0.521","69","","","1010.70","1.0","3.0","5.0","36.4204258","-6.159264"
"2025-04-03 12:26:00","0.641","67","","","1010.70","1.0","3.0","5.0","36.4204829","-6.1593576"
"2025-04-03 12:25:00","1.053","60","","","1010.70","1.0","3.0","5.0","36.4204988","-6.1593031"
"2025-04-03 12:24:00","1.828","46","","","1010.80","","","","36.4204861","-6.1594124"
"2025-04-03 12:23:00","1.827","46","","","1010.80","","","","36.4204861","-6.1594124"
"2025-04-03 12:22:00","1.735","48","","","1010.80","","","","36.4204861","-6.1594124"
"2025-04-03 12:21:00","1.674","49","","","1010.80","","","","36.4204861","-6.1594124"
"2025-04-03 12:20:00","1.639","50","","","1010.90","","","","36.4204861","-6.1594124"
"2025-04-03 12:19:00","1.588","51","","","1010.90","","","","36.4204861","-6.1594124"
"2025-04-03 12:18:00","1.426","53","","","1010.80","","","","36.4204861","-6.1594124"
"2025-04-03 12:17:00","1.192","58","","","1010.80","","","","36.4204861","-6.1594124"
"2025-04-03 12:16:00","0.925","62","","","1010.90","","","","36.4204861","-6.1594124"
"2025-04-03 12:15:00","1.104","59","","","1010.80","1.8","4.0","5.5","36.4204861","-6.1594124"
"2025-04-03 12:14:00","1.593","51","","","1010.90","","","","36.4204861","-6.1594124"
"2025-04-03 12:13:00","1.462","53","","","1010.90","","","","36.4204861","-6.1594124"
"2025-04-03 12:12:00","1.276","56","","","1010.80","","","","36.4204861","-6.1594124"
"2025-04-03 12:11:00","0.964","61","","","1010.70","","","","36.4204861","-6.1594124"
"2025-04-03 12:10:00","0.654","67","","","1010.90","","","","36.4204861","-6.1594124"
"2025-04-03 12:09:00","0.576","68","","","1010.90","2.0","4.0","6.3","36.4204861","-6.1594124"
"2025-04-03 12:08:00","0.576","68","","","1010.90","1.6","3.8","5.4","36.4204581","-6.1593698"
"2025-04-03 12:07:00","0.585","68","","","1010.90","1.4","3.4","4.8","36.4203824","-6.1593622"
"2025-04-03 12:06:00","0.568","68","","","1010.90","1.0","3.0","4.0","36.4203571","-6.1592417"
"2025-04-03 12:05:00","0.557","69","","","1011.00","1.0","3.0","4.0","36.4204547","-6.1593151"
"2025-04-03 12:04:00","0.539","69","","","1010.90","1.0","3.0","4.0","36.4204743","-6.159331"
"2025-04-03 12:03:00","0.55","69","","","1010.80","1.0","3.0","4.0","36.4204941","-6.1593158"
"2025-04-03 12:02:00","0.567","68","","","1010.80","1.0","3.0","4.0","36.4204726","-6.1593328"
"2025-04-03 12:01:00","0.594","68","","","1010.90","1.0","2.0","4.0","36.4202108","-6.1591249"
"2025-04-03 12:00:00","0.617","67","","","1010.90","1.0","2.0","4.0","36.4204702","-6.1593604"
"2025-04-03 11:59:00","0.797","64","","","1010.90","1.0","3.0","4.0","36.4204663","-6.1592262"
"2025-04-03 11:58:00","1.099","59","","","1010.89","","","","",""
"2025-04-03 11:57:00","1.635","50","","","1010.98","1.0","2.0","4.0","36.4205072","-6.1592321"
"2025-04-03 11:56:00","1.618","50","","","1010.94","1.0","3.0","4.0","36.4205072","-6.1592321"
"2025-04-03 11:55:00","1.598","50","","","1010.92","1.0","3.0","4.0","36.4205072","-6.1592321"
"2025-04-03 11:54:00","1.579","51","","","1010.92","1.0","3.0","4.0","",""
"2025-04-03 11:53:00","1.56","51","","","1010.91","1.0","3.0","4.0","",""
"2025-04-03 11:52:00","1.54","51","","","1010.93","1.0","3.0","4.0","",""
"2025-04-03 11:51:00","1.52","52","","","1010.86","1.0","3.0","4.0","",""
"2025-04-03 11:50:00","1.501","52","","","1010.89","1.0","3.0","4.0","",""
"2025-04-03 11:49:00","1.482","52","","","1010.90","1.0","3.0","4.0","",""
"2025-04-03 11:48:00","1.464","53","","","1010.90","1.0","3.0","4.0","",""
"2025-04-03 11:47:00","1.446","53","","","1010.88","1.0","3.0","4.0","",""
"2025-04-03 11:46:00","1.43","53","","","1010.87","1.0","3.0","4.0","",""
"2025-04-03 11:45:00","1.416","54","","","1010.88","1.0","3.0","4.0","",""
"2025-04-03 11:44:00","1.407","54","","","1010.89","1.0","3.0","4.0","",""
"2025-04-03 11:43:00","1.41","54","","","1010.86","1.0","3.0","4.0","",""
"2025-04-03 11:42:00","1.429","53","","","1010.84","1.0","2.0","4.0","",""
"2025-04-03 11:41:00","1.442","53","","","1010.80","1.0","2.0","4.0","",""
"2025-04-03 11:40:00","1.421","54","","","1010.86","1.0","3.0","5.0","",""
"2025-04-03 11:39:00","1.397","54","","","1010.84","1.0","3.0","5.0","",""
"2025-04-03 11:38:00","1.371","54","","","1010.88","1.0","3.0","5.0","",""
"2025-04-03 11:37:00","1.344","55","","","1010.89","1.0","3.0","5.0","",""
"2025-04-03 11:36:00","1.317","55","","","1010.90","1.0","3.0","5.0","",""
"2025-04-03 11:35:00","1.29","56","","","1010.85","1.0","3.0","5.0","",""
"2025-04-03 11:34:00","1.263","56","","","1010.88","1.0","3.0","5.0","",""
"2025-04-03 11:33:00","1.236","57","","","1010.86","1.0","3.0","5.0","",""
"2025-04-03 11:32:00","1.208","57","","","1010.81","1.0","3.0","5.0","",""
"2025-04-03 11:31:00","1.181","58","","","1010.74","1.0","3.0","5.0","",""
"2025-04-03 11:30:00","1.154","58","","","1010.73","1.0","3.0","5.0","",""
"2025-04-03 11:29:00","1.128","59","","","1010.75","1.0","3.0","5.0","",""
"2025-04-03 11:28:00","1.108","59","","","1010.75","1.0","3.0","5.0","",""
"2025-04-03 11:27:00","1.097","59","","","1010.78","1.0","3.0","5.0","",""
"2025-04-03 11:26:00","1.098","59","","","1010.78","1.0","2.0","4.0","",""
"2025-04-03 11:25:00","1.097","59","","","1010.78","1.0","3.0","5.0","",""
"2025-04-03 11:24:00","1.066","60","","","1010.79","1.0","3.0","5.0","",""
"2025-04-03 11:23:00","1.03","60","","","1010.80","1.0","3.0","5.0","",""
"2025-04-03 11:22:00","0.992","61","","","1010.82","1.0","3.0","5.0","",""
"2025-04-03 11:21:00","0.954","62","","","1010.79","1.0","3.0","5.0","",""
"2025-04-03 11:20:00","0.915","62","","","1010.86","1.0","3.0","5.0","",""
"2025-04-03 11:19:00","0.875","63","","","1010.84","1.0","3.0","5.0","",""
"2025-04-03 11:18:00","0.834","64","","","1010.87","1.0","3.0","5.0","",""
"2025-04-03 11:17:00","0.793","64","","","1010.85","1.0","3.0","5.0","",""
"2025-04-03 11:16:00","0.752","65","","","1010.82","1.0","3.0","5.0","",""
"2025-04-03 11:15:00","0.713","66","","","1010.82","1.0","3.0","5.0","",""
"2025-04-03 11:14:00","0.677","66","","","1010.81","1.0","3.0","5.0","",""
"2025-04-03 11:13:00","0.645","67","","","1010.82","1.0","3.0","5.0","",""
"2025-04-03 11:12:00","0.621","67","","","1010.81","1.0","3.0","5.0","",""
"2025-04-03 11:11:00","0.611","68","","","1010.84","1.0","3.0","5.0","",""
"2025-04-03 11:10:00","0.347","79","","","1010.80","","","","36.4204902","-6.1593123"
"2025-04-03 11:09:00","0.327","80","","","1010.80","1.6","4.6","7.7","36.4205439","-6.1592011"
"2025-04-03 11:08:00","0.313","81","","","1010.70","1.7","3.7","5.3","36.420619","-6.1593284"
"2025-04-03 11:07:00","0.299","82","","","1010.60","2.0","3.9","5.7","36.4204631","-6.1593503"
"2025-04-03 11:06:00","0.337","79","","","1010.70","2.5","4.7","6.6","36.4204714","-6.159265"
"2025-04-03 11:05:00","0.355","78","","","1010.70","1.0","3.0","4.0","36.4204714","-6.1593506"
"2025-04-03 11:04:00","0.399","76","16.3","69.0","1010.60","1.7","3.1","4.8","36.420474","-6.1592912"
"2025-04-03 11:03:00","0.486","70","16","69.0","1010.68","3.0","4.0","5.0","36.4202443","-6.1590131"
"2025-04-03 11:02:00","0.753","65","16","67.0","1010.58","1.0","3.0","4.0","",""
"2025-04-03 11:01:00","0.753","65","16","67.0","1010.55","1.0","3.0","4.0","",""
"2025-04-03 11:00:00","0.746","65","16","67.0","1010.52","1.0","3.0","4.0","",""
"2025-04-03 10:59:00","0.743","65","16","67.0","1010.53","1.0","3.0","4.0","",""
"2025-04-03 10:58:00","0.737","65","16","67.0","1010.49","1.0","3.0","4.0","",""
"2025-04-03 10:57:00","0.738","65","16","67.0","1010.49","1.0","3.0","4.0","",""
"2025-04-03 10:56:00","0.749","65","16","67.0","1010.50","1.0","3.0","4.0","",""
"2025-04-03 10:55:00","0.76","65","16","67.0","1010.50","1.0","3.0","4.0","",""
"2025-04-03 10:54:00","0.76","65","16","68.0","1010.47","1.0","3.0","4.0","",""
"2025-04-03 10:53:00","0.767","65","16","68.0","1010.46","1.0","3.0","4.0","",""
"2025-04-03 10:52:00","0.778","65","16","68.0","1010.45","1.0","3.0","4.0","",""
"2025-04-03 10:51:00","0.798","64","16","67.0","1010.43","1.0","3.0","4.0","",""
"2025-04-03 10:50:00","0.822","64","16","67.0","1010.44","1.0","2.0","4.0","",""
"2025-04-03 10:49:00","0.841","64","16","67.0","1010.42","1.0","3.0","4.0","",""
"2025-04-03 10:48:00","0.845","64","16","67.0","1010.46","1.0","3.0","3.0","",""
"2025-04-03 10:47:00","0.844","64","16","67.0","1010.41","1.0","3.0","3.0","",""
"2025-04-03 10:46:00","0.831","64","16","67.0","1010.47","1.0","3.0","3.0","",""
"2025-04-03 10:45:00","0.818","64","16","67.0","1010.47","1.0","3.0","3.0","",""
"2025-04-03 10:44:00","0.806","64","16","67.0","1010.50","1.0","3.0","3.0","",""
"2025-04-03 10:43:00","0.793","64","16","67.0","1010.45","1.0","3.0","3.0","",""
"2025-04-03 10:42:00","0.785","65","16","67.0","1010.43","1.0","3.0","3.0","",""
"2025-04-03 10:41:00","0.778","65","16","67.0","1010.47","1.0","3.0","3.0","",""
"2025-04-03 10:40:00","0.772","65","16","67.0","1010.45","1.0","3.0","3.0","",""
"2025-04-03 10:39:00","0.769","65","16","67.0","1010.48","1.0","3.0","3.0","",""
"2025-04-03 10:38:00","0.773","65","16","67.0","1010.51","1.0","3.0","3.0","",""
"2025-04-03 10:37:00","0.783","65","16","67.0","1010.49","1.0","3.0","3.0","",""
"2025-04-03 10:36:00","0.803","64","16","67.0","1010.46","1.0","3.0","3.0","",""
"2025-04-03 10:35:00","0.825","64","15","68.0","1010.43","1.0","3.0","3.0","",""
"2025-04-03 10:34:00","0.849","63","15","70.0","1010.41","1.0","2.0","3.0","",""
"2025-04-03 10:33:00","0.861","63","15","70.0","1010.37","1.0","3.0","5.0","",""
"2025-04-03 10:32:00","0.853","63","15","70.0","1010.38","1.0","3.0","5.0","",""
"2025-04-03 10:31:00","0.839","64","15","70.0","1010.42","1.0","3.0","5.0","",""
"2025-04-03 10:30:00","0.822","64","15","69.0","1010.42","1.0","3.0","5.0","",""
"2025-04-03 10:29:00","0.804","64","15","69.0","1010.45","1.0","3.0","5.0","",""
"2025-04-03 10:28:00","0.787","65","15","69.0","1010.44","1.0","3.0","5.0","",""
"2025-04-03 10:27:00","0.773","65","15","69.0","1010.47","1.0","3.0","5.0","",""
"2025-04-03 10:26:00","0.763","65","15","69.0","1010.48","1.0","3.0","5.0","",""
"2025-04-03 10:25:00","0.757","65","15","69.0","1010.46","1.0","3.0","5.0","",""
"2025-04-03 10:24:00","0.748","65","15","69.0","1010.43","1.0","3.0","5.0","",""
"2025-04-03 10:23:00","0.739","65","15","69.0","1010.41","1.0","3.0","5.0","",""
"2025-04-03 10:22:00","0.736","65","15","69.0","1010.41","1.0","3.0","5.0","",""
"2025-04-03 10:21:00","0.734","65","15","69.0","1010.39","1.0","3.0","5.0","",""
"2025-04-03 10:20:00","0.736","65","15","70.0","1010.38","1.0","3.0","5.0","",""
"2025-04-03 10:19:00","0.746","65","15","70.0","1010.32","1.0","3.0","5.0","",""
"2025-04-03 10:18:00","0.762","65","15","69.0","1010.29","1.0","3.0","5.0","",""
"2025-04-03 10:17:00","0.769","65","15","69.0","1010.28","1.0","3.0","5.0","",""
"2025-04-03 10:16:00","0.756","65","15","69.0","1010.30","1.0","3.0","4.0","",""
"2025-04-03 10:15:00","0.74","65","15","69.0","1010.31","1.0","3.0","4.0","",""
"2025-04-03 10:14:00","0.728","66","15","68.0","1010.30","1.0","3.0","4.0","",""
"2025-04-03 10:13:00","0.717","66","15","69.0","1010.28","1.0","3.0","4.0","",""
"2025-04-03 10:12:00","0.712","66","15","68.0","1010.28","1.0","3.0","4.0","",""
"2025-04-03 10:11:00","0.708","66","15","69.0","1010.26","1.0","3.0","4.0","",""
"2025-04-03 10:10:00","0.7","66","15","69.0","1010.29","1.0","3.0","4.0","",""
"2025-04-03 10:09:00","0.688","66","15","69.0","1010.28","1.0","3.0","4.0","",""
"2025-04-03 10:08:00","0.679","66","15","69.0","1010.26","1.0","3.0","4.0","",""
"2025-04-03 10:07:00","0.675","66","15","69.0","1010.24","1.0","3.0","4.0","",""
"2025-04-03 10:06:00","0.674","66","15","69.0","1010.24","1.0","3.0","4.0","",""
"2025-04-03 10:05:00","0.678","66","15","69.0","1010.21","1.0","3.0","4.0","",""
"2025-04-03 10:04:00","0.689","66","15","69.0","1010.22","1.0","3.0","4.0","",""
"2025-04-03 10:03:00","0.707","66","15","69.0","1010.23","1.0","3.0","4.0","",""
"2025-04-03 10:02:00","0.727","66","14","72.0","1010.24","1.0","2.0","4.0","",""
"2025-04-03 10:01:00","0.746","65","14","69.0","1010.25","1.0","2.0","3.0","",""
"2025-04-03 10:00:00","0.751","65","15","68.0","1010.23","1.0","3.0","4.0","",""
"2025-04-03 09:59:00","0.754","65","15","69.0","1010.24","1.0","3.0","4.0","",""
"2025-04-03 09:58:00","0.754","65","15","68.0","1010.24","1.0","3.0","4.0","",""
"2025-04-03 09:57:00","0.754","65","15","68.0","1010.29","1.0","3.0","4.0","",""
"2025-04-03 09:56:00","0.755","65","15","69.0","1010.30","1.0","3.0","4.0","",""
"2025-04-03 09:55:00","0.75","65","15","68.0","1010.30","1.0","3.0","4.0","",""
"2025-04-03 09:54:00","0.745","65","15","68.0","1010.30","1.0","3.0","4.0","",""
"2025-04-03 09:53:00","0.741","65","15","68.0","1010.28","1.0","3.0","4.0","",""
"2025-04-03 09:52:00","0.735","65","15","68.0","1010.28","1.0","3.0","4.0","",""
"2025-04-03 09:51:00","0.729","66","15","68.0","1010.30","1.0","3.0","4.0","",""
"2025-04-03 09:50:00","0.726","66","15","69.0","1010.29","1.0","3.0","4.0","",""
"2025-04-03 09:49:00","0.725","66","15","69.0","1010.28","1.0","3.0","4.0","",""
"2025-04-03 09:48:00","0.73","66","15","69.0","1010.24","1.0","3.0","4.0","",""
"2025-04-03 09:47:00","0.744","65","15","69.0","1010.22","1.0","3.0","4.0","",""
"2025-04-03 09:46:00","0.764","65","15","69.0","1010.20","1.0","3.0","4.0","",""
"2025-04-03 09:45:00","0.778","65","15","68.0","1010.16","1.0","3.0","5.0","",""
"2025-04-03 09:44:00","0.771","65","15","68.0","1010.15","1.0","3.0","6.0","",""
"2025-04-03 09:43:00","0.758","65","15","68.0","1010.15","1.0","3.0","6.0","",""
"2025-04-03 09:42:00","0.747","65","15","67.0","1010.14","1.0","3.0","6.0","",""
"2025-04-03 09:41:00","0.735","65","15","67.0","1010.14","1.0","3.0","6.0","",""
"2025-04-03 09:40:00","0.722","66","15","67.0","1010.13","1.0","3.0","6.0","",""
"2025-04-03 09:39:00","0.709","66","15","67.0","1010.12","1.0","3.0","6.0","",""
"2025-04-03 09:38:00","0.696","66","15","67.0","1010.10","1.0","3.0","6.0","",""
"2025-04-03 09:37:00","0.682","66","15","67.0","1010.06","1.0","3.0","6.0","",""
"2025-04-03 09:36:00","0.671","67","15","67.0","1010.03","1.0","3.0","6.0","",""
"2025-04-03 09:35:00","0.666","67","15","66.0","1010.04","1.0","3.0","6.0","",""
"2025-04-03 09:34:00","0.667","67","15","66.0","1009.97","1.0","3.0","6.0","",""
"2025-04-03 09:33:00","0.67","67","15","66.0","1009.98","1.0","3.0","6.0","",""
"2025-04-03 09:32:00","0.682","66","15","66.0","1009.97","1.0","3.0","6.0","",""
"2025-04-03 09:31:00","0.698","66","15","66.0","1009.96","1.0","3.0","6.0","",""
"2025-04-03 09:30:00","0.717","66","14","67.0","1009.98","1.0","3.0","6.0","",""
"2025-04-03 09:29:00","0.733","65","14","66.0","1009.98","1.0","3.0","5.0","",""
"2025-04-03 09:28:00","0.727","66","15","66.0","1010.02","1.0","2.0","3.0","",""
"2025-04-03 09:27:00","0.714","66","15","66.0","1010.06","1.0","2.0","3.0","",""
"2025-04-03 09:26:00","0.697","66","15","66.0","1010.04","1.0","2.0","3.0","",""
"2025-04-03 09:25:00","0.681","66","15","66.0","1010.08","1.0","2.0","3.0","",""
"2025-04-03 09:24:00","0.667","67","15","66.0","1010.06","1.0","2.0","3.0","",""
"2025-04-03 09:23:00","0.651","67","15","66.0","1010.10","1.0","2.0","3.0","",""
"2025-04-03 09:22:00","0.638","67","15","66.0","1010.13","1.0","2.0","3.0","",""
"2025-04-03 09:21:00","0.627","67","15","66.0","1010.12","1.0","2.0","3.0","",""
"2025-04-03 09:20:00","0.614","68","15","66.0","1010.09","1.0","2.0","3.0","",""
"2025-04-03 09:19:00","0.602","68","15","66.0","1010.08","1.0","2.0","3.0","",""
"2025-04-03 09:18:00","0.593","68","15","66.0","1010.08","1.0","2.0","3.0","",""
"2025-04-03 09:17:00","0.591","68","15","65.0","1010.09","1.0","2.0","3.0","",""
"2025-04-03 09:16:00","0.594","68","15","66.0","1010.10","1.0","2.0","3.0","",""
"2025-04-03 09:15:00","0.604","68","14","67.0","1010.09","1.0","2.0","3.0","",""
"2025-04-03 09:14:00","0.618","67","14","69.0","1010.11","1.0","2.0","3.0","",""
"2025-04-03 09:13:00","0.631","67","14","69.0","1010.09","1.0","2.0","3.0","",""
"2025-04-03 09:12:00","0.622","67","14","69.0","1010.05","1.0","3.0","4.0","",""
"2025-04-03 09:11:00","0.606","68","14","69.0","1010.04","1.0","3.0","4.0","",""
"2025-04-03 09:10:00","0.591","68","14","69.0","1010.04","1.0","3.0","4.0","",""
"2025-04-03 09:09:00","0.571","68","14","69.0","1010.05","1.0","3.0","4.0","",""
"2025-04-03 09:08:00","0.55","69","14","69.0","1010.03","1.0","3.0","4.0","",""
"2025-04-03 09:07:00","0.528","69","14","69.0","1010.00","1.0","3.0","4.0","",""
"2025-04-03 09:06:00","0.509","69","14","69.0","1010.02","1.0","3.0","4.0","",""
"2025-04-03 09:05:00","0.494","70","14","69.0","1010.02","1.0","3.0","4.0","",""
"2025-04-03 09:04:00","0.484","70","14","69.0","1010.05","1.0","3.0","4.0","",""
"2025-04-03 09:03:00","0.482","71","14","68.0","1010.05","1.0","3.0","4.0","",""
"2025-04-03 09:02:00","0.486","70","14","68.0","1010.03","1.0","3.0","4.0","",""
"2025-04-03 09:01:00","0.492","70","14","69.0","1010.01","1.0","3.0","4.0","",""
"2025-04-03 09:00:00","0.501","69","14","69.0","1009.98","1.0","3.0","4.0","",""
"2025-04-03 08:59:00","0.513","69","14","69.0","1009.99","1.0","3.0","4.0","",""
"2025-04-03 08:58:00","0.527","69","14","68.0","1010.01","1.0","3.0","4.0","",""
"2025-04-03 08:57:00","0.543","69","14","68.0","1010.02","1.0","2.0","4.0","",""
"2025-04-03 08:56:00","0.558","68","14","68.0","1010.02","1.0","3.0","5.0","",""
"2025-04-03 08:55:00","0.573","68","14","68.0","1010.02","1.0","3.0","5.0","",""
"2025-04-03 08:54:00","0.588","68","14","68.0","1010.00","1.0","3.0","5.0","",""
"2025-04-03 08:53:00","0.601","68","14","68.0","1009.98","1.0","3.0","5.0","",""
"2025-04-03 08:52:00","0.606","68","14","69.0","1009.98","1.0","3.0","5.0","",""
"2025-04-03 08:51:00","0.601","68","14","69.0","1009.96","1.0","3.0","5.0","",""
"2025-04-03 08:50:00","0.596","68","14","69.0","1009.97","1.0","3.0","5.0","",""
"2025-04-03 08:49:00","0.601","68","14","69.0","1010.00","1.0","3.0","5.0","",""
"2025-04-03 08:48:00","0.613","68","14","69.0","1009.98","1.0","3.0","5.0","",""
"2025-04-03 08:47:00","0.624","67","14","70.0","1009.97","1.0","3.0","5.0","",""
"2025-04-03 08:46:00","0.632","67","14","69.0","1009.95","1.0","3.0","5.0","",""
"2025-04-03 08:45:00","0.637","67","14","69.0","1009.95","1.0","3.0","5.0","",""
"2025-04-03 08:44:00","0.646","67","14","70.0","1009.96","1.0","3.0","5.0","",""
"2025-04-03 08:43:00","0.662","67","14","70.0","1009.97","1.0","3.0","5.0","",""
"2025-04-03 08:42:00","0.68","66","14","70.0","1009.95","1.0","3.0","5.0","",""
"2025-04-03 08:41:00","0.698","66","14","70.0","1009.96","1.0","3.0","6.0","",""
"2025-04-03 08:40:00","0.702","66","14","70.0","1009.96","1.0","3.0","5.0","",""
"2025-04-03 08:39:00","0.696","66","14","71.0","1009.97","1.0","3.0","5.0","",""
"2025-04-03 08:38:00","0.691","66","14","71.0","1009.96","1.0","3.0","5.0","",""
"2025-04-03 08:37:00","0.683","66","14","71.0","1009.94","1.0","3.0","5.0","",""
"2025-04-03 08:36:00","0.675","66","14","71.0","1009.94","1.0","3.0","5.0","",""
"2025-04-03 08:35:00","0.668","67","14","71.0","1009.97","1.0","3.0","5.0","",""
"2025-04-03 08:34:00","0.66","67","14","71.0","1009.96","1.0","3.0","5.0","",""
"2025-04-03 08:33:00","0.656","67","14","71.0","1009.95","1.0","3.0","5.0","",""
"2025-04-03 08:32:00","0.659","67","14","72.0","1009.94","1.0","3.0","5.0","",""
"2025-04-03 08:31:00","0.663","67","14","72.0","1009.92","1.0","3.0","5.0","",""
"2025-04-03 08:30:00","0.669","67","14","72.0","1009.89","1.0","3.0","5.0","",""
"2025-04-03 08:29:00","0.682","66","14","72.0","1009.87","1.0","3.0","5.0","",""
"2025-04-03 08:28:00","0.696","66","14","72.0","1009.89","1.0","3.0","5.0","",""
"2025-04-03 08:27:00","0.712","66","14","73.0","1009.87","1.0","3.0","5.0","",""
"2025-04-03 08:26:00","0.731","65","14","73.0","1009.87","1.0","3.0","5.0","",""
"2025-04-03 08:25:00","0.747","65","14","72.0","1009.83","1.0","2.0","4.0","",""
"2025-04-03 08:24:00","0.743","65","14","72.0","1009.79","1.0","2.0","4.0","",""
"2025-04-03 08:23:00","0.728","66","14","72.0","1009.76","1.0","2.0","4.0","",""
"2025-04-03 08:22:00","0.717","66","14","72.0","1009.75","1.0","2.0","4.0","",""
"2025-04-03 08:21:00","0.706","66","14","72.0","1009.72","1.0","2.0","4.0","",""
"2025-04-03 08:20:00","0.696","66","14","72.0","1009.73","1.0","2.0","4.0","",""
"2025-04-03 08:19:00","0.689","66","14","72.0","1009.71","1.0","2.0","4.0","",""
"2025-04-03 08:18:00","0.681","66","14","73.0","1009.71","1.0","2.0","4.0","",""
"2025-04-03 08:17:00","0.671","67","14","73.0","1009.71","1.0","2.0","4.0","",""
"2025-04-03 08:16:00","0.664","67","14","73.0","1009.74","1.0","2.0","4.0","",""
"2025-04-03 08:15:00","0.661","67","14","73.0","1009.75","1.0","2.0","4.0","",""
"2025-04-03 08:14:00","0.662","67","14","73.0","1009.75","1.0","2.0","4.0","",""
"2025-04-03 08:13:00","0.666","67","14","73.0","1009.74","1.0","2.0","4.0","",""
"2025-04-03 08:12:00","0.672","67","14","74.0","1009.74","1.0","2.0","4.0","",""
"2025-04-03 08:11:00","0.685","66","14","74.0","1009.76","1.0","2.0","4.0","",""
"2025-04-03 08:10:00","0.702","66","14","74.0","1009.74","1.0","2.0","4.0","",""
"2025-04-03 08:09:00","0.72","66","14","73.0","1009.79","1.0","2.0","3.0","",""
"2025-04-03 08:08:00","0.723","66","14","73.0","1009.78","1.0","3.0","5.0","",""
"2025-04-03 08:07:00","0.714","66","14","74.0","1009.76","1.0","3.0","5.0","",""
"2025-04-03 08:06:00","0.704","66","14","74.0","1009.77","1.0","3.0","5.0","",""
"2025-04-03 08:05:00","0.694","66","14","74.0","1009.77","1.0","3.0","5.0","",""
"2025-04-03 08:04:00","0.686","66","14","74.0","1009.76","1.0","3.0","5.0","",""
"2025-04-03 08:03:00","0.68","66","14","74.0","1009.75","1.0","3.0","5.0","",""
"2025-04-03 08:02:00","0.675","66","14","74.0","1009.73","1.0","3.0","5.0","",""
"2025-04-03 08:01:00","0.673","67","14","74.0","1009.73","1.0","3.0","5.0","",""
"2025-04-03 08:00:00","0.673","67","14","74.0","1009.69","1.0","3.0","5.0","",""
"2025-04-03 07:59:00","0.672","67","14","74.0","1009.71","1.0","3.0","5.0","",""
"2025-04-03 07:58:00","0.672","67","14","75.0","1009.68","1.0","3.0","5.0","",""
"2025-04-03 07:57:00","0.673","67","14","75.0","1009.68","1.0","3.0","5.0","",""
"2025-04-03 07:56:00","0.677","66","14","75.0","1009.70","1.0","3.0","5.0","",""
"2025-04-03 07:55:00","0.686","66","14","75.0","1009.68","1.0","3.0","5.0","",""
"2025-04-03 07:54:00","0.701","66","14","75.0","1009.71","1.0","3.0","5.0","",""
"2025-04-03 07:53:00","0.717","66","14","74.0","1009.68","1.0","3.0","5.0","",""
"2025-04-03 07:52:00","0.719","66","14","74.0","1009.69","2.0","3.0","5.0","",""
"2025-04-03 07:51:00","0.71","66","14","74.0","1009.65","2.0","3.0","4.0","",""
"2025-04-03 07:50:00","0.705","66","14","75.0","1009.63","2.0","3.0","4.0","",""
"2025-04-03 07:49:00","0.702","66","14","74.0","1009.63","2.0","3.0","4.0","",""
"2025-04-03 07:48:00","0.695","66","14","75.0","1009.64","2.0","3.0","4.0","",""
"2025-04-03 07:47:00","0.689","66","14","75.0","1009.64","2.0","3.0","4.0","",""
"2025-04-03 07:46:00","0.686","66","14","75.0","1009.62","2.0","3.0","4.0","",""
"2025-04-03 07:45:00","0.683","66","14","75.0","1009.60","2.0","3.0","4.0","",""
"2025-04-03 07:44:00","0.677","66","14","75.0","1009.61","2.0","3.0","4.0","",""
"2025-04-03 07:43:00","0.668","67","14","75.0","1009.59","2.0","3.0","4.0","",""
"2025-04-03 07:42:00","0.662","67","14","75.0","1009.57","2.0","3.0","4.0","",""
"2025-04-03 07:41:00","0.661","67","14","75.0","1009.58","2.0","3.0","4.0","",""
"2025-04-03 07:40:00","0.666","67","14","75.0","1009.55","2.0","3.0","4.0","",""
"2025-04-03 07:39:00","0.677","66","14","76.0","1009.59","2.0","3.0","4.0","",""
"2025-04-03 07:38:00","0.693","66","14","76.0","1009.59","2.0","3.0","4.0","",""
"2025-04-03 07:37:00","0.71","66","14","75.0","1009.58","1.0","2.0","4.0","",""
"2025-04-03 07:36:00","0.713","66","14","75.0","1009.58","1.0","3.0","5.0","",""
"2025-04-03 07:35:00","0.703","66","14","75.0","1009.59","2.0","4.0","6.0","",""
"2025-04-03 07:34:00","0.693","66","14","75.0","1009.57","2.0","4.0","6.0","",""
"2025-04-03 07:33:00","0.687","66","14","75.0","1009.58","2.0","4.0","6.0","",""
"2025-04-03 07:32:00","0.682","66","14","75.0","1009.58","2.0","4.0","6.0","",""
"2025-04-03 07:31:00","0.676","66","14","75.0","1009.58","2.0","4.0","6.0","",""
"2025-04-03 07:30:00","0.672","67","14","75.0","1009.59","2.0","4.0","6.0","",""
"2025-04-03 07:29:00","0.669","67","14","75.0","1009.58","2.0","4.0","6.0","",""
"2025-04-03 07:28:00","0.664","67","14","75.0","1009.56","2.0","4.0","6.0","",""
"2025-04-03 07:27:00","0.66","67","14","75.0","1009.59","2.0","4.0","6.0","",""
"2025-04-03 07:26:00","0.66","67","14","75.0","1009.62","2.0","4.0","6.0","",""
"2025-04-03 07:25:00","0.661","67","14","76.0","1009.65","2.0","4.0","6.0","",""
"2025-04-03 07:24:00","0.664","67","14","76.0","1009.64","2.0","4.0","6.0","",""
"2025-04-03 07:23:00","0.675","66","14","76.0","1009.64","2.0","4.0","6.0","",""
"2025-04-03 07:22:00","0.692","66","14","76.0","1009.66","2.0","4.0","6.0","",""
"2025-04-03 07:21:00","0.71","66","14","75.0","1009.63","2.0","4.0","5.0","",""
"2025-04-03 07:20:00","0.718","66","14","75.0","1009.60","1.0","4.0","6.0","",""
"2025-04-03 07:19:00","0.71","66","14","75.0","1009.58","1.0","4.0","5.0","",""
"2025-04-03 07:18:00","0.704","66","14","75.0","1009.57","1.0","4.0","5.0","",""
"2025-04-03 07:17:00","0.698","66","14","75.0","1009.56","1.0","4.0","5.0","",""
"2025-04-03 07:16:00","0.691","66","14","75.0","1009.51","1.0","4.0","5.0","",""
"2025-04-03 07:15:00","0.685","66","14","75.0","1009.51","1.0","4.0","5.0","",""
"2025-04-03 07:14:00","0.68","66","14","75.0","1009.50","1.0","4.0","5.0","",""
"2025-04-03 07:13:00","0.674","66","14","75.0","1009.48","1.0","4.0","5.0","",""
"2025-04-03 07:12:00","0.671","67","14","75.0","1009.47","1.0","4.0","5.0","",""
"2025-04-03 07:11:00","0.675","66","14","75.0","1009.44","1.0","4.0","5.0","",""
"2025-04-03 07:10:00","0.685","66","14","75.0","1009.44","1.0","4.0","5.0","",""
"2025-04-03 07:09:00","0.698","66","14","75.0","1009.43","1.0","4.0","5.0","",""
"2025-04-03 07:08:00","0.711","66","14","76.0","1009.40","1.0","4.0","5.0","",""
"2025-04-03 07:07:00","0.722","66","14","76.0","1009.38","1.0","4.0","5.0","",""
"2025-04-03 07:06:00","0.739","65","14","76.0","1009.37","1.0","4.0","5.0","",""
"2025-04-03 07:05:00","0.758","65","13","77.0","1009.35","1.0","4.0","5.0","",""
"2025-04-03 07:04:00","0.767","65","14","74.0","1009.35","1.0","4.0","5.0","",""
"2025-04-03 07:03:00","0.76","65","14","74.0","1009.33","1.0","4.0","5.0","",""
"2025-04-03 07:02:00","0.753","65","14","74.0","1009.33","1.0","4.0","5.0","",""
"2025-04-03 07:01:00","0.744","65","14","74.0","1009.34","1.0","4.0","5.0","",""
"2025-04-03 07:00:00","0.737","65","14","74.0","1009.34","1.0","4.0","5.0","",""
"2025-04-03 06:59:00","0.73","66","14","74.0","1009.34","1.0","4.0","5.0","",""
"2025-04-03 06:58:00","0.727","66","14","74.0","1009.32","1.0","4.0","5.0","",""
"2025-04-03 06:57:00","0.726","66","14","74.0","1009.29","1.0","4.0","5.0","",""
"2025-04-03 06:56:00","0.724","66","14","74.0","1009.30","1.0","4.0","5.0","",""
"2025-04-03 06:55:00","0.725","66","14","74.0","1009.32","1.0","4.0","5.0","",""
"2025-04-03 06:54:00","0.728","66","14","75.0","1009.29","1.0","4.0","5.0","",""
"2025-04-03 06:53:00","0.734","65","14","75.0","1009.27","1.0","4.0","5.0","",""
"2025-04-03 06:52:00","0.742","65","14","75.0","1009.25","1.0","4.0","5.0","",""
"2025-04-03 06:51:00","0.755","65","14","75.0","1009.26","1.0","4.0","5.0","",""
"2025-04-03 06:50:00","0.775","65","14","75.0","1009.21","1.0","4.0","5.0","",""
"2025-04-03 06:49:00","0.797","64","13","78.0","1009.16","1.0","3.0","4.0","",""
"2025-04-03 06:48:00","0.811","64","13","74.0","1009.16","1.0","3.0","4.0","",""
"2025-04-03 06:47:00","0.809","64","14","74.0","1009.15","2.0","3.0","4.0","",""
"2025-04-03 06:46:00","0.802","64","14","74.0","1009.17","2.0","3.0","4.0","",""
"2025-04-03 06:45:00","0.793","64","14","74.0","1009.19","2.0","3.0","4.0","",""
"2025-04-03 06:44:00","0.785","65","14","74.0","1009.20","2.0","3.0","4.0","",""
"2025-04-03 06:43:00","0.778","65","14","74.0","1009.19","2.0","3.0","4.0","",""
"2025-04-03 06:42:00","0.771","65","14","74.0","1009.17","2.0","3.0","4.0","",""
"2025-04-03 06:41:00","0.763","65","14","74.0","1009.16","2.0","3.0","4.0","",""
"2025-04-03 06:40:00","0.754","65","14","75.0","1009.12","2.0","3.0","4.0","",""
"2025-04-03 06:39:00","0.745","65","14","75.0","1009.12","2.0","3.0","4.0","",""
"2025-04-03 06:38:00","0.738","65","14","75.0","1009.13","2.0","3.0","4.0","",""
"2025-04-03 06:37:00","0.735","65","14","75.0","1009.12","2.0","3.0","4.0","",""
"2025-04-03 06:36:00","0.736","65","14","75.0","1009.09","2.0","3.0","4.0","",""
"2025-04-03 06:35:00","0.743","65","14","75.0","1009.07","2.0","3.0","4.0","",""
"2025-04-03 06:34:00","0.757","65","14","75.0","1009.04","2.0","3.0","4.0","",""
"2025-04-03 06:33:00","0.774","65","14","75.0","1009.04","1.0","3.0","4.0","",""
"2025-04-03 06:32:00","0.782","65","14","74.0","1009.09","1.0","2.0","4.0","",""
"2025-04-03 06:31:00","0.771","65","14","74.0","1009.09","1.0","3.0","5.0","",""
"2025-04-03 06:30:00","0.759","65","14","74.0","1009.07","1.0","3.0","5.0","",""
"2025-04-03 06:29:00","0.747","65","14","74.0","1009.03","1.0","3.0","5.0","",""
"2025-04-03 06:28:00","0.734","65","14","74.0","1009.01","1.0","3.0","5.0","",""
"2025-04-03 06:27:00","0.719","66","14","74.0","1008.96","1.0","3.0","5.0","",""
"2025-04-03 06:26:00","0.704","66","14","73.0","1008.94","1.0","3.0","5.0","",""
"2025-04-03 06:25:00","0.689","66","14","73.0","1008.94","1.0","3.0","5.0","",""
"2025-04-03 06:24:00","0.676","66","14","73.0","1008.97","1.0","3.0","5.0","",""
"2025-04-03 06:23:00","0.664","67","14","73.0","1008.98","1.0","3.0","5.0","",""
"2025-04-03 06:22:00","0.656","67","14","73.0","1009.00","1.0","3.0","5.0","",""
"2025-04-03 06:21:00","0.653","67","14","73.0","1008.98","1.0","3.0","5.0","",""
"2025-04-03 06:20:00","0.653","67","14","73.0","1008.95","1.0","3.0","5.0","",""
"2025-04-03 06:19:00","0.653","67","14","73.0","1008.93","1.0","3.0","5.0","",""
"2025-04-03 06:18:00","0.663","67","14","74.0","1008.97","1.0","3.0","5.0","",""
"2025-04-03 06:17:00","0.678","66","14","74.0","1008.98","1.0","3.0","5.0","",""
"2025-04-03 06:16:00","0.686","66","14","72.0","1008.98","1.0","3.0","4.0","",""
"2025-04-03 06:15:00","0.672","67","14","72.0","1008.97","1.0","3.0","5.0","",""
"2025-04-03 06:14:00","0.656","67","14","72.0","1008.97","1.0","3.0","5.0","",""
"2025-04-03 06:13:00","0.639","67","14","72.0","1008.98","1.0","3.0","5.0","",""
"2025-04-03 06:12:00","0.621","67","14","72.0","1009.00","1.0","3.0","5.0","",""
"2025-04-03 06:11:00","0.601","68","14","72.0","1008.99","1.0","3.0","5.0","",""
"2025-04-03 06:10:00","0.58","68","14","72.0","1008.98","1.0","3.0","5.0","",""
"2025-04-03 06:09:00","0.559","68","14","72.0","1008.97","1.0","3.0","5.0","",""
"2025-04-03 06:08:00","0.538","69","14","72.0","1008.96","1.0","3.0","5.0","",""
"2025-04-03 06:07:00","0.517","69","14","72.0","1008.97","1.0","3.0","5.0","",""
"2025-04-03 06:06:00","0.5","70","14","72.0","1008.99","1.0","3.0","5.0","",""
"2025-04-03 06:05:00","0.487","70","14","72.0","1009.02","1.0","3.0","5.0","",""
"2025-04-03 06:04:00","0.478","71","14","72.0","1009.01","1.0","3.0","5.0","",""
"2025-04-03 06:03:00","0.477","71","14","72.0","1009.03","1.0","3.0","5.0","",""
"2025-04-03 06:02:00","0.484","70","14","72.0","1009.00","1.0","3.0","5.0","",""
"2025-04-03 06:01:00","0.492","70","14","72.0","1008.99","1.0","3.0","4.0","",""
"2025-04-03 06:00:00","0.499","70","14","71.0","1008.98","1.0","2.0","4.0","",""
"2025-04-03 05:59:00","0.491","70","14","71.0","1008.95","1.0","2.0","4.0","",""
"2025-04-03 05:58:00","0.481","71","14","71.0","1008.96","1.0","2.0","4.0","",""
"2025-04-03 05:57:00","0.472","71","14","71.0","1008.97","1.0","2.0","4.0","",""
"2025-04-03 05:56:00","0.469","71","14","71.0","1008.96","1.0","2.0","4.0","",""
"2025-04-03 05:55:00","0.471","71","14","71.0","1008.99","1.0","2.0","4.0","",""
"2025-04-03 05:54:00","0.474","71","14","72.0","1008.96","1.0","2.0","4.0","",""
"2025-04-03 05:53:00","0.475","71","14","72.0","1008.98","1.0","2.0","4.0","",""
"2025-04-03 05:52:00","0.472","71","14","72.0","1008.96","1.0","2.0","4.0","",""
"2025-04-03 05:51:00","0.464","72","14","72.0","1008.96","1.0","2.0","4.0","",""
"2025-04-03 05:50:00","0.455","72","14","72.0","1008.94","1.0","2.0","4.0","",""
"2025-04-03 05:49:00","0.451","72","14","72.0","1008.95","1.0","2.0","4.0","",""
"2025-04-03 05:48:00","0.451","72","14","72.0","1008.94","1.0","2.0","4.0","",""
"2025-04-03 05:47:00","0.456","72","14","72.0","1008.94","1.0","2.0","4.0","",""
"2025-04-03 05:46:00","0.463","72","14","73.0","1008.97","1.0","2.0","4.0","",""
"2025-04-03 05:45:00","0.471","71","14","73.0","1009.03","1.0","2.0","4.0","",""
"2025-04-03 05:44:00","0.477","71","14","72.0","1009.05","1.0","2.0","4.0","",""
"2025-04-03 05:43:00","0.466","72","14","72.0","1009.05","1.0","2.0","3.0","",""
"2025-04-03 05:42:00","0.453","72","14","72.0","1009.04","1.0","2.0","3.0","",""
"2025-04-03 05:41:00","0.442","73","14","72.0","1009.08","1.0","2.0","3.0","",""
"2025-04-03 05:40:00","0.429","74","14","72.0","1009.07","1.0","2.0","3.0","",""
"2025-04-03 05:39:00","0.408","75","14","72.0","1009.10","1.0","2.0","3.0","",""
"2025-04-03 05:38:00","0.389","76","14","73.0","1009.11","1.0","2.0","3.0","",""
"2025-04-03 05:37:00","0.374","77","14","73.0","1009.14","1.0","2.0","3.0","",""
"2025-04-03 05:36:00","0.361","78","14","73.0","1009.15","1.0","2.0","3.0","",""
"2025-04-03 05:35:00","0.351","78","14","73.0","1009.12","1.0","2.0","3.0","",""
"2025-04-03 05:34:00","0.349","79","14","73.0","1009.16","1.0","2.0","3.0","",""
"2025-04-03 05:33:00","0.349","79","14","73.0","1009.13","1.0","2.0","3.0","",""
"2025-04-03 05:32:00","0.351","78","14","73.0","1009.10","1.0","2.0","3.0","",""
"2025-04-03 05:31:00","0.353","78","14","73.0","1009.04","1.0","2.0","3.0","",""
"2025-04-03 05:30:00","0.356","78","14","74.0","1009.04","1.0","2.0","3.0","",""
"2025-04-03 05:29:00","0.36","78","13","74.0","1009.00","1.0","2.0","3.0","",""
"2025-04-03 05:28:00","0.363","78","13","74.0","1009.03","1.0","1.0","3.0","",""
"2025-04-03 05:27:00","0.364","78","14","72.0","1009.05","1.0","3.0","5.0","",""
"2025-04-03 05:26:00","0.365","78","14","72.0","1009.04","1.0","3.0","5.0","",""
"2025-04-03 05:25:00","0.368","77","14","72.0","1009.02","1.0","3.0","5.0","",""
"2025-04-03 05:24:00","0.371","77","14","73.0","1009.03","1.0","3.0","5.0","",""
"2025-04-03 05:23:00","0.373","77","14","73.0","1009.02","1.0","3.0","5.0","",""
"2025-04-03 05:22:00","0.374","77","14","73.0","1009.01","1.0","3.0","5.0","",""
"2025-04-03 05:21:00","0.376","77","14","73.0","1009.05","1.0","3.0","5.0","",""
"2025-04-03 05:20:00","0.38","77","14","73.0","1009.06","1.0","3.0","5.0","",""
"2025-04-03 05:19:00","0.386","76","14","73.0","1009.08","1.0","3.0","5.0","",""
"2025-04-03 05:18:00","0.391","76","14","73.0","1009.10","1.0","3.0","5.0","",""
"2025-04-03 05:17:00","0.395","76","14","73.0","1009.14","1.0","3.0","5.0","",""
"2025-04-03 05:16:00","0.398","76","14","74.0","1009.15","1.0","3.0","5.0","",""
"2025-04-03 05:15:00","0.402","75","14","74.0","1009.17","1.0","3.0","5.0","",""
"2025-04-03 05:14:00","0.407","75","14","74.0","1009.23","1.0","3.0","5.0","",""
"2025-04-03 05:13:00","0.412","75","14","74.0","1009.25","1.0","3.0","5.0","",""
"2025-04-03 05:12:00","0.416","75","13","75.0","1009.25","1.0","3.0","5.0","",""
"2025-04-03 05:11:00","0.41","75","14","73.0","1009.26","1.0","2.0","4.0","",""
"2025-04-03 05:10:00","0.395","76","14","73.0","1009.26","1.0","2.0","4.0","",""
"2025-04-03 05:09:00","0.383","77","14","73.0","1009.25","1.0","2.0","4.0","",""
"2025-04-03 05:08:00","0.377","77","14","73.0","1009.26","1.0","2.0","4.0","",""
"2025-04-03 05:07:00","0.373","77","14","73.0","1009.30","1.0","2.0","4.0","",""
"2025-04-03 05:06:00","0.366","78","14","73.0","1009.29","1.0","2.0","4.0","",""
"2025-04-03 05:05:00","0.361","78","14","73.0","1009.30","1.0","2.0","4.0","",""
"2025-04-03 05:04:00","0.359","78","14","73.0","1009.29","1.0","2.0","4.0","",""
"2025-04-03 05:03:00","0.359","78","14","73.0","1009.25","1.0","2.0","4.0","",""
"2025-04-03 05:02:00","0.36","78","14","74.0","1009.21","1.0","2.0","4.0","",""
"2025-04-03 05:01:00","0.362","78","14","74.0","1009.17","1.0","2.0","4.0","",""
"2025-04-03 05:00:00","0.365","78","14","74.0","1009.17","1.0","2.0","4.0","",""
"2025-04-03 04:59:00","0.369","77","14","74.0","1009.19","1.0","2.0","4.0","",""
"2025-04-03 04:58:00","0.374","77","14","74.0","1009.18","1.0","2.0","4.0","",""
"2025-04-03 04:57:00","0.38","77","14","74.0","1009.19","1.0","2.0","4.0","",""
"2025-04-03 04:56:00","0.386","76","14","73.0","1009.16","1.0","2.0","4.0","",""
"2025-04-03 04:55:00","0.391","76","14","73.0","1009.16","1.0","4.0","6.0","",""
"2025-04-03 04:54:00","0.394","76","14","73.0","1009.18","2.0","4.0","6.0","",""
"2025-04-03 04:53:00","0.393","76","14","73.0","1009.18","2.0","4.0","6.0","",""
"2025-04-03 04:52:00","0.388","76","14","74.0","1009.19","2.0","4.0","6.0","",""
"2025-04-03 04:51:00","0.38","77","14","74.0","1009.18","2.0","4.0","6.0","",""
"2025-04-03 04:50:00","0.374","77","14","74.0","1009.16","2.0","4.0","6.0","",""
"2025-04-03 04:49:00","0.368","77","14","74.0","1009.14","2.0","4.0","6.0","",""
"2025-04-03 04:48:00","0.368","77","14","74.0","1009.18","2.0","4.0","6.0","",""
"2025-04-03 04:47:00","0.369","77","14","74.0","1009.22","2.0","4.0","6.0","",""
"2025-04-03 04:46:00","0.367","77","14","74.0","1009.27","2.0","4.0","6.0","",""
"2025-04-03 04:45:00","0.367","77","14","75.0","1009.30","2.0","4.0","6.0","",""
"2025-04-03 04:44:00","0.368","77","14","75.0","1009.32","2.0","4.0","6.0","",""
"2025-04-03 04:43:00","0.37","77","14","75.0","1009.31","2.0","4.0","6.0","",""
"2025-04-03 04:42:00","0.373","77","14","75.0","1009.31","2.0","4.0","6.0","",""
"2025-04-03 04:41:00","0.377","77","14","75.0","1009.31","2.0","4.0","6.0","",""
"2025-04-03 04:40:00","0.38","77","13","77.0","1009.33","1.0","3.0","5.0","",""
"2025-04-03 04:39:00","0.378","77","14","74.0","1009.35","1.0","3.0","6.0","",""
"2025-04-03 04:38:00","0.364","78","14","74.0","1009.40","1.0","3.0","6.0","",""
"2025-04-03 04:37:00","0.353","78","14","74.0","1009.38","1.0","3.0","6.0","",""
"2025-04-03 04:36:00","0.348","79","14","74.0","1009.38","1.0","3.0","6.0","",""
"2025-04-03 04:35:00","0.348","79","14","74.0","1009.39","1.0","3.0","6.0","",""
"2025-04-03 04:34:00","0.348","79","14","74.0","1009.34","1.0","3.0","6.0","",""
"2025-04-03 04:33:00","0.349","79","14","74.0","1009.35","1.0","3.0","6.0","",""
"2025-04-03 04:32:00","0.35","79","14","74.0","1009.33","1.0","3.0","6.0","",""
"2025-04-03 04:31:00","0.35","79","14","74.0","1009.32","1.0","3.0","6.0","",""
"2025-04-03 04:30:00","0.35","79","14","74.0","1009.30","1.0","3.0","6.0","",""
"2025-04-03 04:29:00","0.35","79","14","74.0","1009.26","1.0","3.0","6.0","",""
"2025-04-03 04:28:00","0.349","79","14","74.0","1009.21","1.0","3.0","6.0","",""
"2025-04-03 04:27:00","0.349","79","14","74.0","1009.16","1.0","3.0","6.0","",""
"2025-04-03 04:26:00","0.35","79","14","74.0","1009.13","1.0","3.0","6.0","",""
"2025-04-03 04:25:00","0.352","78","14","74.0","1009.16","1.0","3.0","6.0","",""
"2025-04-03 04:24:00","0.354","78","13","77.0","1009.19","1.0","4.0","7.0","",""
"2025-04-03 04:23:00","0.351","78","14","73.0","1009.17","1.0","4.0","8.0","",""
"2025-04-03 04:22:00","0.342","79","14","73.0","1009.17","1.0","3.0","5.0","",""
"2025-04-03 04:21:00","0.34","79","14","73.0","1009.23","1.0","3.0","5.0","",""
"2025-04-03 04:20:00","0.34","79","14","73.0","1009.23","1.0","3.0","5.0","",""
"2025-04-03 04:19:00","0.342","79","14","73.0","1009.29","1.0","3.0","5.0","",""
"2025-04-03 04:18:00","0.344","79","14","72.0","1009.38","1.0","3.0","5.0","",""
"2025-04-03 04:17:00","0.345","79","14","72.0","1009.44","1.0","3.0","5.0","",""
"2025-04-03 04:16:00","0.345","79","14","72.0","1009.48","1.0","3.0","5.0","",""
"2025-04-03 04:15:00","0.346","79","14","72.0","1009.48","1.0","3.0","5.0","",""
"2025-04-03 04:14:00","0.348","79","14","72.0","1009.42","1.0","3.0","5.0","",""
"2025-04-03 04:13:00","0.35","79","14","73.0","1009.41","1.0","3.0","5.0","",""
"2025-04-03 04:12:00","0.35","79","14","73.0","1009.37","1.0","3.0","5.0","",""
"2025-04-03 04:11:00","0.351","78","14","73.0","1009.38","1.0","3.0","5.0","",""
"2025-04-03 04:10:00","0.353","78","14","73.0","1009.36","1.0","3.0","5.0","",""
"2025-04-03 04:09:00","0.356","78","14","73.0","1009.33","1.0","3.0","5.0","",""
"2025-04-03 04:08:00","0.359","78","13","73.0","1009.33","1.0","3.0","5.0","",""
"2025-04-03 04:07:00","0.36","78","14","71.0","1009.36","1.0","2.0","5.0","",""
"2025-04-03 04:06:00","0.354","78","14","71.0","1009.40","1.0","3.0","5.0","",""
"2025-04-03 04:05:00","0.352","78","14","71.0","1009.44","1.0","3.0","5.0","",""
"2025-04-03 04:04:00","0.352","78","14","71.0","1009.49","1.0","3.0","5.0","",""
"2025-04-03 04:03:00","0.352","78","14","71.0","1009.50","1.0","3.0","5.0","",""
"2025-04-03 04:02:00","0.352","78","14","71.0","1009.48","1.0","3.0","5.0","",""
"2025-04-03 04:01:00","0.353","78","14","71.0","1009.52","1.0","3.0","5.0","",""
"2025-04-03 04:00:00","0.353","78","14","71.0","1009.50","1.0","3.0","5.0","",""
"2025-04-03 03:59:00","0.352","78","14","71.0","1009.53","1.0","3.0","5.0","",""
"2025-04-03 03:58:00","0.352","78","14","72.0","1009.55","1.0","3.0","5.0","",""
"2025-04-03 03:57:00","0.348","79","14","72.0","1009.56","1.0","3.0","5.0","",""
"2025-04-03 03:56:00","0.347","79","14","72.0","1009.62","1.0","3.0","5.0","",""
"2025-04-03 03:55:00","0.348","79","14","72.0","1009.59","1.0","3.0","5.0","",""
"2025-04-03 03:54:00","0.351","78","14","72.0","1009.60","1.0","3.0","5.0","",""
"2025-04-03 03:53:00","0.355","78","14","72.0","1009.55","1.0","3.0","5.0","",""
"2025-04-03 03:52:00","0.359","78","14","72.0","1009.53","1.0","2.0","4.0","",""
"2025-04-03 03:51:00","0.362","78","14","72.0","1009.51","1.0","3.0","5.0","",""
"2025-04-03 03:50:00","0.364","78","14","72.0","1009.47","1.0","3.0","4.0","",""
"2025-04-03 03:49:00","0.367","77","14","72.0","1009.47","1.0","3.0","4.0","",""
"2025-04-03 03:48:00","0.37","77","14","72.0","1009.47","1.0","3.0","4.0","",""
"2025-04-03 03:47:00","0.374","77","14","72.0","1009.48","1.0","3.0","4.0","",""
"2025-04-03 03:46:00","0.379","77","14","72.0","1009.47","1.0","3.0","4.0","",""
"2025-04-03 03:45:00","0.384","76","14","73.0","1009.48","1.0","3.0","4.0","",""
"2025-04-03 03:44:00","0.39","76","14","73.0","1009.46","1.0","3.0","4.0","",""
"2025-04-03 03:43:00","0.395","76","14","73.0","1009.42","1.0","3.0","4.0","",""
"2025-04-03 03:42:00","0.4","76","14","74.0","1009.44","1.0","3.0","4.0","",""
"2025-04-03 03:41:00","0.404","75","14","74.0","1009.41","1.0","3.0","4.0","",""
"2025-04-03 03:40:00","0.409","75","14","74.0","1009.41","1.0","3.0","4.0","",""
"2025-04-03 03:39:00","0.415","75","14","74.0","1009.44","1.0","3.0","4.0","",""
"2025-04-03 03:38:00","0.422","74","14","74.0","1009.42","1.0","3.0","4.0","",""
"2025-04-03 03:37:00","0.431","74","14","74.0","1009.46","1.0","3.0","4.0","",""
"2025-04-03 03:36:00","0.441","73","14","74.0","1009.50","1.0","2.0","4.0","",""
"2025-04-03 03:35:00","0.451","72","14","74.0","1009.52","1.0","3.0","5.0","",""
"2025-04-03 03:34:00","0.459","72","14","74.0","1009.53","1.0","3.0","4.0","",""
"2025-04-03 03:33:00","0.466","72","14","74.0","1009.55","1.0","3.0","4.0","",""
"2025-04-03 03:32:00","0.472","71","14","75.0","1009.55","1.0","3.0","4.0","",""
"2025-04-03 03:31:00","0.479","71","14","75.0","1009.57","1.0","3.0","4.0","",""
"2025-04-03 03:30:00","0.486","70","14","75.0","1009.58","1.0","3.0","4.0","",""
"2025-04-03 03:29:00","0.494","70","14","75.0","1009.58","1.0","3.0","4.0","",""
"2025-04-03 03:28:00","0.502","69","14","75.0","1009.57","1.0","3.0","4.0","",""
"2025-04-03 03:27:00","0.51","69","14","75.0","1009.56","1.0","3.0","4.0","",""
"2025-04-03 03:26:00","0.52","69","14","75.0","1009.57","1.0","3.0","4.0","",""
"2025-04-03 03:25:00","0.531","69","14","76.0","1009.51","1.0","3.0","4.0","",""
"2025-04-03 03:24:00","0.542","69","14","76.0","1009.45","1.0","3.0","4.0","",""
"2025-04-03 03:23:00","0.555","69","14","76.0","1009.44","1.0","3.0","4.0","",""
"2025-04-03 03:22:00","0.569","68","14","76.0","1009.42","1.0","3.0","4.0","",""
"2025-04-03 03:21:00","0.583","68","14","76.0","1009.37","1.0","3.0","4.0","",""
"2025-04-03 03:20:00","0.596","68","14","76.0","1009.30","1.0","3.0","4.0","",""
"2025-04-03 03:19:00","0.606","68","14","75.0","1009.29","1.0","2.0","4.0","",""
"2025-04-03 03:18:00","0.603","68","14","75.0","1009.23","1.0","2.0","3.0","",""
"2025-04-03 03:17:00","0.594","68","14","75.0","1009.21","1.0","2.0","3.0","",""
"2025-04-03 03:16:00","0.584","68","14","75.0","1009.19","1.0","2.0","3.0","",""
"2025-04-03 03:15:00","0.578","68","14","75.0","1009.23","1.0","2.0","3.0","",""
"2025-04-03 03:14:00","0.576","68","14","75.0","1009.29","1.0","2.0","3.0","",""
"2025-04-03 03:13:00","0.571","68","14","75.0","1009.25","1.0","2.0","3.0","",""
"2025-04-03 03:12:00","0.566","68","14","75.0","1009.20","1.0","2.0","3.0","",""
"2025-04-03 03:11:00","0.566","68","14","75.0","1009.21","1.0","2.0","3.0","",""
"2025-04-03 03:10:00","0.571","68","14","75.0","1009.25","1.0","2.0","3.0","",""
"2025-04-03 03:09:00","0.577","68","14","75.0","1009.30","1.0","2.0","3.0","",""
"2025-04-03 03:08:00","0.577","68","14","75.0","1009.33","1.0","2.0","3.0","",""
"2025-04-03 03:07:00","0.579","68","14","75.0","1009.36","1.0","2.0","3.0","",""
"2025-04-03 03:06:00","0.586","68","14","75.0","1009.36","1.0","2.0","3.0","",""
"2025-04-03 03:05:00","0.598","68","14","75.0","1009.34","1.0","2.0","3.0","",""
"2025-04-03 03:04:00","0.612","68","13","75.0","1009.38","1.0","2.0","3.0","",""
"2025-04-03 03:03:00","0.626","67","14","74.0","1009.41","1.0","3.0","4.0","",""
"2025-04-03 03:02:00","0.632","67","14","73.0","1009.45","1.0","3.0","4.0","",""
"2025-04-03 03:01:00","0.634","67","14","73.0","1009.46","1.0","3.0","4.0","",""
"2025-04-03 03:00:00","0.632","67","14","74.0","1009.44","1.0","3.0","4.0","",""
"2025-04-03 02:59:00","0.626","67","14","74.0","1009.46","1.0","3.0","4.0","",""
"2025-04-03 02:58:00","0.613","68","14","73.0","1009.44","1.0","3.0","4.0","",""
"2025-04-03 02:57:00","0.601","68","14","73.0","1009.49","1.0","3.0","4.0","",""
"2025-04-03 02:56:00","0.591","68","14","73.0","1009.49","1.0","3.0","4.0","",""
"2025-04-03 02:55:00","0.58","68","14","73.0","1009.48","1.0","3.0","4.0","",""
"2025-04-03 02:54:00","0.573","68","14","73.0","1009.50","1.0","3.0","4.0","",""
"2025-04-03 02:53:00","0.575","68","14","73.0","1009.50","1.0","3.0","4.0","",""
"2025-04-03 02:52:00","0.586","68","14","73.0","1009.50","1.0","3.0","4.0","",""
"2025-04-03 02:51:00","0.599","68","14","74.0","1009.57","1.0","3.0","4.0","",""
"2025-04-03 02:50:00","0.613","68","14","74.0","1009.58","1.0","3.0","4.0","",""
"2025-04-03 02:49:00","0.627","67","14","74.0","1009.53","1.0","3.0","4.0","",""
"2025-04-03 02:48:00","0.642","67","13","74.0","1009.50","1.0","3.0","4.0","",""
"2025-04-03 02:47:00","0.655","67","14","73.0","1009.46","1.0","3.0","4.0","",""
"2025-04-03 02:46:00","0.65","67","14","73.0","1009.44","1.0","3.0","4.0","",""
"2025-04-03 02:45:00","0.641","67","14","73.0","1009.50","1.0","3.0","4.0","",""
"2025-04-03 02:44:00","0.629","67","14","73.0","1009.49","1.0","3.0","4.0","",""
"2025-04-03 02:43:00","0.616","67","14","73.0","1009.44","1.0","3.0","4.0","",""
"2025-04-03 02:42:00","0.602","68","14","73.0","1009.41","1.0","3.0","4.0","",""
"2025-04-03 02:41:00","0.587","68","14","73.0","1009.37","1.0","3.0","4.0","",""
"2025-04-03 02:40:00","0.572","68","14","73.0","1009.37","1.0","3.0","4.0","",""
"2025-04-03 02:39:00","0.559","68","14","73.0","1009.37","1.0","3.0","4.0","",""
"2025-04-03 02:38:00","0.551","69","14","73.0","1009.36","1.0","3.0","4.0","",""
"2025-04-03 02:37:00","0.549","69","14","73.0","1009.40","1.0","3.0","4.0","",""
"2025-04-03 02:36:00","0.553","69","14","73.0","1009.45","1.0","3.0","4.0","",""
"2025-04-03 02:35:00","0.563","68","14","73.0","1009.45","1.0","3.0","4.0","",""
"2025-04-03 02:34:00","0.575","68","14","73.0","1009.43","1.0","3.0","4.0","",""
"2025-04-03 02:33:00","0.587","68","14","73.0","1009.41","1.0","3.0","4.0","",""
"2025-04-03 02:32:00","0.6","68","13","73.0","1009.38","1.0","3.0","4.0","",""
"2025-04-03 02:31:00","0.61","68","14","72.0","1009.36","1.0","2.0","4.0","",""
"2025-04-03 02:30:00","0.601","68","14","72.0","1009.33","1.0","3.0","4.0","",""
"2025-04-03 02:29:00","0.588","68","14","72.0","1009.31","1.0","3.0","4.0","",""
"2025-04-03 02:28:00","0.575","68","14","73.0","1009.32","1.0","3.0","4.0","",""
"2025-04-03 02:27:00","0.563","68","14","73.0","1009.32","1.0","3.0","4.0","",""
"2025-04-03 02:26:00","0.556","69","14","73.0","1009.27","1.0","3.0","4.0","",""
"2025-04-03 02:25:00","0.554","69","14","73.0","1009.26","1.0","3.0","4.0","",""
"2025-04-03 02:24:00","0.552","69","14","73.0","1009.27","1.0","3.0","4.0","",""
"2025-04-03 02:23:00","0.55","69","14","73.0","1009.32","1.0","3.0","4.0","",""
"2025-04-03 02:22:00","0.55","69","14","74.0","1009.33","1.0","3.0","4.0","",""
"2025-04-03 02:21:00","0.55","69","14","74.0","1009.33","1.0","3.0","4.0","",""
"2025-04-03 02:20:00","0.551","69","14","74.0","1009.30","1.0","3.0","4.0","",""
"2025-04-03 02:19:00","0.555","69","14","74.0","1009.38","1.0","3.0","4.0","",""
"2025-04-03 02:18:00","0.565","68","14","74.0","1009.39","1.0","3.0","4.0","",""
"2025-04-03 02:17:00","0.578","68","14","74.0","1009.34","1.0","3.0","4.0","",""
"2025-04-03 02:16:00","0.592","68","14","74.0","1009.30","1.0","3.0","4.0","",""
"2025-04-03 02:15:00","0.606","68","14","74.0","1009.24","1.0","2.0","3.0","",""
"2025-04-03 02:14:00","0.614","68","14","74.0","1009.18","1.0","3.0","4.0","",""
"2025-04-03 02:13:00","0.617","67","14","74.0","1009.14","1.0","3.0","4.0","",""
"2025-04-03 02:12:00","0.615","68","14","74.0","1009.12","1.0","3.0","4.0","",""
"2025-04-03 02:11:00","0.61","68","14","74.0","1009.10","1.0","3.0","4.0","",""
"2025-04-03 02:10:00","0.603","68","14","74.0","1009.09","1.0","3.0","4.0","",""
"2025-04-03 02:09:00","0.597","68","14","74.0","1009.12","1.0","3.0","4.0","",""
"2025-04-03 02:08:00","0.595","68","14","74.0","1009.15","1.0","3.0","4.0","",""
"2025-04-03 02:07:00","0.592","68","14","74.0","1009.19","1.0","3.0","4.0","",""
"2025-04-03 02:06:00","0.585","68","14","74.0","1009.19","1.0","3.0","4.0","",""
"2025-04-03 02:05:00","0.577","68","14","74.0","1009.19","1.0","3.0","4.0","",""
"2025-04-03 02:04:00","0.57","68","14","74.0","1009.21","1.0","3.0","4.0","",""
"2025-04-03 02:03:00","0.566","68","14","74.0","1009.24","1.0","3.0","4.0","",""
"2025-04-03 02:02:00","0.568","68","14","75.0","1009.25","1.0","3.0","4.0","",""
"2025-04-03 02:01:00","0.577","68","14","75.0","1009.25","1.0","3.0","4.0","",""
"2025-04-03 02:00:00","0.589","68","14","75.0","1009.32","1.0","3.0","4.0","",""
"2025-04-03 01:59:00","0.6","68","14","74.0","1009.35","1.0","2.0","4.0","",""
"2025-04-03 01:58:00","0.595","68","14","74.0","1009.37","1.0","2.0","3.0","",""
"2025-04-03 01:57:00","0.581","68","14","74.0","1009.35","1.0","2.0","3.0","",""
"2025-04-03 01:56:00","0.569","68","14","74.0","1009.34","1.0","2.0","3.0","",""
"2025-04-03 01:55:00","0.561","68","14","74.0","1009.34","1.0","2.0","3.0","",""
"2025-04-03 01:54:00","0.553","69","14","74.0","1009.34","1.0","2.0","3.0","",""
"2025-04-03 01:53:00","0.543","69","14","74.0","1009.35","1.0","2.0","3.0","",""
"2025-04-03 01:52:00","0.532","69","14","74.0","1009.35","1.0","2.0","3.0","",""
"2025-04-03 01:51:00","0.523","69","14","74.0","1009.34","1.0","2.0","3.0","",""
"2025-04-03 01:50:00","0.51","69","14","74.0","1009.30","1.0","2.0","3.0","",""
"2025-04-03 01:49:00","0.498","70","14","74.0","1009.26","1.0","2.0","3.0","",""
"2025-04-03 01:48:00","0.491","70","14","74.0","1009.23","1.0","2.0","3.0","",""
"2025-04-03 01:47:00","0.488","70","14","74.0","1009.20","1.0","2.0","3.0","",""
"2025-04-03 01:46:00","0.491","70","14","74.0","1009.16","1.0","2.0","3.0","",""
"2025-04-03 01:45:00","0.499","70","14","74.0","1009.17","1.0","2.0","3.0","",""
"2025-04-03 01:44:00","0.508","69","14","74.0","1009.16","1.0","2.0","3.0","",""
"2025-04-03 01:43:00","0.517","69","14","74.0","1009.19","1.0","2.0","3.0","",""
"2025-04-03 01:42:00","0.518","69","14","73.0","1009.18","1.0","2.0","3.0","",""
"2025-04-03 01:41:00","0.512","69","14","73.0","1009.18","1.0","2.0","3.0","",""
"2025-04-03 01:40:00","0.507","69","14","73.0","1009.20","1.0","2.0","3.0","",""
"2025-04-03 01:39:00","0.504","69","14","73.0","1009.22","1.0","2.0","3.0","",""
"2025-04-03 01:38:00","0.499","70","14","74.0","1009.21","1.0","2.0","3.0","",""
"2025-04-03 01:37:00","0.49","70","14","74.0","1009.23","1.0","2.0","3.0","",""
"2025-04-03 01:36:00","0.484","70","14","74.0","1009.24","1.0","2.0","3.0","",""
"2025-04-03 01:35:00","0.482","71","14","74.0","1009.23","1.0","2.0","3.0","",""
"2025-04-03 01:34:00","0.481","71","14","74.0","1009.26","1.0","2.0","3.0","",""
"2025-04-03 01:33:00","0.479","71","14","74.0","1009.29","1.0","2.0","3.0","",""
"2025-04-03 01:32:00","0.48","71","14","74.0","1009.35","1.0","2.0","3.0","",""
"2025-04-03 01:31:00","0.485","70","14","74.0","1009.37","1.0","2.0","3.0","",""
"2025-04-03 01:30:00","0.492","70","14","74.0","1009.33","1.0","2.0","3.0","",""
"2025-04-03 01:29:00","0.5","70","14","74.0","1009.32","1.0","2.0","3.0","",""
"2025-04-03 01:28:00","0.51","69","14","74.0","1009.34","1.0","2.0","3.0","",""
"2025-04-03 01:27:00","0.52","69","14","73.0","1009.37","1.0","2.0","3.0","",""
"2025-04-03 01:26:00","0.527","69","14","73.0","1009.34","1.0","2.0","3.0","",""
"2025-04-03 01:25:00","0.526","69","14","73.0","1009.34","1.0","2.0","3.0","",""
"2025-04-03 01:24:00","0.521","69","14","73.0","1009.32","1.0","2.0","3.0","",""
"2025-04-03 01:23:00","0.512","69","14","73.0","1009.33","1.0","2.0","3.0","",""
"2025-04-03 01:22:00","0.499","70","14","73.0","1009.36","1.0","2.0","3.0","",""
"2025-04-03 01:21:00","0.486","70","14","73.0","1009.37","1.0","2.0","3.0","",""
"2025-04-03 01:20:00","0.477","71","14","73.0","1009.40","1.0","2.0","3.0","",""
"2025-04-03 01:19:00","0.47","71","14","73.0","1009.41","1.0","2.0","3.0","",""
"2025-04-03 01:18:00","0.467","71","14","73.0","1009.37","1.0","2.0","3.0","",""
"2025-04-03 01:17:00","0.465","72","14","73.0","1009.29","1.0","2.0","3.0","",""
"2025-04-03 01:16:00","0.465","72","14","73.0","1009.23","1.0","2.0","3.0","",""
"2025-04-03 01:15:00","0.471","71","14","73.0","1009.19","1.0","2.0","3.0","",""
"2025-04-03 01:14:00","0.478","71","14","74.0","1009.19","1.0","2.0","3.0","",""
"2025-04-03 01:13:00","0.486","70","14","74.0","1009.20","1.0","2.0","3.0","",""
"2025-04-03 01:12:00","0.495","70","14","74.0","1009.20","1.0","2.0","3.0","",""
"2025-04-03 01:11:00","0.504","69","14","73.0","1009.27","1.0","2.0","3.0","",""
"2025-04-03 01:10:00","0.51","69","14","73.0","1009.33","1.0","2.0","3.0","",""
"2025-04-03 01:09:00","0.509","69","14","73.0","1009.39","1.0","2.0","3.0","",""
"2025-04-03 01:08:00","0.508","69","14","73.0","1009.39","1.0","2.0","3.0","",""
"2025-04-03 01:07:00","0.505","69","14","73.0","1009.35","1.0","2.0","3.0","",""
"2025-04-03 01:06:00","0.501","69","14","74.0","1009.29","1.0","2.0","3.0","",""
"2025-04-03 01:05:00","0.496","70","14","74.0","1009.29","1.0","2.0","3.0","",""
"2025-04-03 01:04:00","0.494","70","14","74.0","1009.28","1.0","2.0","3.0","",""
"2025-04-03 01:03:00","0.493","70","14","74.0","1009.24","1.0","2.0","3.0","",""
"2025-04-03 01:02:00","0.493","70","14","74.0","1009.19","1.0","2.0","3.0","",""
"2025-04-03 01:01:00","0.496","70","14","74.0","1009.10","1.0","2.0","3.0","",""
"2025-04-03 01:00:00","0.503","69","14","74.0","1009.06","1.0","2.0","3.0","",""
"2025-04-03 00:59:00","0.512","69","14","74.0","1009.06","1.0","2.0","3.0","",""
"2025-04-03 00:58:00","0.522","69","14","75.0","1009.10","1.0","2.0","3.0","",""
"2025-04-03 00:57:00","0.533","69","14","75.0","1009.10","1.0","2.0","3.0","",""
"2025-04-03 00:56:00","0.545","69","14","75.0","1009.07","1.0","2.0","3.0","",""
"2025-04-03 00:55:00","0.557","69","14","74.0","1009.07","1.0","2.0","3.0","",""
"2025-04-03 00:54:00","0.567","68","14","74.0","1009.06","1.0","2.0","4.0","",""
"2025-04-03 00:53:00","0.572","68","14","74.0","1009.09","1.0","3.0","4.0","",""
"2025-04-03 00:52:00","0.581","68","14","74.0","1009.11","1.0","3.0","4.0","",""
"2025-04-03 00:51:00","0.591","68","14","74.0","1009.12","1.0","3.0","4.0","",""
"2025-04-03 00:50:00","0.601","68","14","74.0","1009.14","1.0","3.0","4.0","",""
"2025-04-03 00:49:00","0.611","68","14","74.0","1009.17","1.0","3.0","4.0","",""
"2025-04-03 00:48:00","0.623","67","14","74.0","1009.21","1.0","3.0","4.0","",""
"2025-04-03 00:47:00","0.637","67","14","74.0","1009.27","1.0","3.0","4.0","",""
"2025-04-03 00:46:00","0.651","67","14","74.0","1009.28","1.0","3.0","4.0","",""
"2025-04-03 00:45:00","0.666","67","14","74.0","1009.28","1.0","3.0","4.0","",""
"2025-04-03 00:44:00","0.68","66","14","74.0","1009.28","1.0","3.0","4.0","",""
"2025-04-03 00:43:00","0.692","66","14","74.0","1009.27","1.0","3.0","4.0","",""
"2025-04-03 00:42:00","0.706","66","14","74.0","1009.27","1.0","3.0","4.0","",""
"2025-04-03 00:41:00","0.723","66","14","74.0","1009.29","1.0","3.0","4.0","",""
"2025-04-03 00:40:00","0.743","65","14","75.0","1009.31","1.0","3.0","4.0","",""
"2025-04-03 00:39:00","0.765","65","14","74.0","1009.34","1.0","2.0","3.0","",""
"2025-04-03 00:38:00","0.783","65","14","73.0","1009.36","1.0","3.0","4.0","",""
"2025-04-03 00:37:00","0.792","64","14","73.0","1009.33","2.0","4.0","5.0","",""
"2025-04-03 00:36:00","0.801","64","14","73.0","1009.34","2.0","4.0","5.0","",""
"2025-04-03 00:35:00","0.81","64","14","73.0","1009.31","2.0","4.0","5.0","",""
"2025-04-03 00:34:00","0.818","64","14","73.0","1009.29","2.0","4.0","5.0","",""
"2025-04-03 00:33:00","0.824","64","14","73.0","1009.28","2.0","4.0","5.0","",""
"2025-04-03 00:32:00","0.826","64","14","73.0","1009.29","2.0","4.0","5.0","",""
"2025-04-03 00:31:00","0.826","64","14","73.0","1009.28","2.0","4.0","5.0","",""
"2025-04-03 00:30:00","0.828","64","14","73.0","1009.27","2.0","4.0","5.0","",""
"2025-04-03 00:29:00","0.828","64","14","73.0","1009.24","2.0","4.0","5.0","",""
"2025-04-03 00:28:00","0.83","64","14","73.0","1009.22","2.0","4.0","5.0","",""
"2025-04-03 00:27:00","0.838","64","14","73.0","1009.19","2.0","4.0","5.0","",""
"2025-04-03 00:26:00","0.851","63","14","73.0","1009.22","2.0","4.0","5.0","",""
"2025-04-03 00:25:00","0.868","63","14","73.0","1009.24","2.0","4.0","5.0","",""
"2025-04-03 00:24:00","0.891","63","14","73.0","1009.24","2.0","4.0","5.0","",""
"2025-04-03 00:23:00","0.916","62","14","73.0","1009.23","2.0","4.0","5.0","",""
"2025-04-03 00:22:00","0.93","62","14","72.0","1009.23","1.0","4.0","5.0","",""
"2025-04-03 00:21:00","0.927","62","14","72.0","1009.21","1.0","3.0","3.0","",""
"2025-04-03 00:20:00","0.922","62","14","72.0","1009.19","1.0","3.0","3.0","",""
"2025-04-03 00:19:00","0.916","62","14","72.0","1009.20","1.0","3.0","3.0","",""
"2025-04-03 00:18:00","0.913","62","14","72.0","1009.17","1.0","3.0","3.0","",""
"2025-04-03 00:17:00","0.909","62","14","72.0","1009.17","1.0","3.0","3.0","",""
"2025-04-03 00:16:00","0.901","63","14","72.0","1009.14","1.0","3.0","3.0","",""
"2025-04-03 00:15:00","0.893","63","14","72.0","1009.10","1.0","3.0","3.0","",""
"2025-04-03 00:14:00","0.886","63","14","72.0","1009.10","1.0","3.0","3.0","",""
"2025-04-03 00:13:00","0.878","63","14","72.0","1009.14","1.0","3.0","3.0","",""
"2025-04-03 00:12:00","0.873","63","14","72.0","1009.16","1.0","3.0","3.0","",""
"2025-04-03 00:11:00","0.873","63","14","72.0","1009.16","1.0","3.0","3.0","",""
"2025-04-03 00:10:00","0.878","63","14","72.0","1009.19","1.0","3.0","3.0","",""
"2025-04-03 00:09:00","0.89","63","14","72.0","1009.20","1.0","3.0","3.0","",""
"2025-04-03 00:08:00","0.908","62","14","73.0","1009.22","1.0","3.0","3.0","",""
"2025-04-03 00:07:00","0.929","62","14","72.0","1009.22","1.0","2.0","3.0","",""
"2025-04-03 00:06:00","0.938","62","14","71.0","1009.20","1.0","2.0","4.0","",""
"2025-04-03 00:05:00","0.925","62","14","71.0","1009.19","1.0","3.0","4.0","",""
"2025-04-03 00:04:00","0.912","62","14","71.0","1009.17","1.0","3.0","4.0","",""
"2025-04-03 00:03:00","0.899","63","14","71.0","1009.17","1.0","3.0","4.0","",""
"2025-04-03 00:02:00","0.886","63","14","71.0","1009.13","1.0","3.0","4.0","",""
"2025-04-03 00:01:00","0.874","63","14","71.0","1009.09","1.0","3.0","4.0","",""
"2025-04-03 00:00:00","0.865","63","14","71.0","1009.09","1.0","3.0","4.0","",""
